<?xml version="1.0" encoding="UTF-8" standalone="yes"?>
<rest-connector xmlns="http://www.softwareag.com/cloudstreams/metadata/handler/model" id="com.softwareag.cloudstreams.zenefits_v1" version="1.0" group="Zenefits" name="Zenefits" displayName="Zenefits">
    <connections>
        <connection type="sagcloud" name="SAG_Connection" displayName="SAG_Connection">
            <groups>
                <group type="connection" name="connection" displayName="Connection">
                    <description>Define the required connection configurations to initiate communication with the SaaS provider.</description>
                    <fields>
                        <field isRequired="true" isEncrypted="false" isHidden="false" isArray="false" defaultValue="https://api.zenefits.com/" name="cn.providerUrl" displayName="Server URL">
                            <description>The native provider endpoint target for the connection configuration</description>
                        </field>
                    </fields>
                </group>
                <group type="custom" name="custom" displayName="Custom">
                    <description>Define any custom configurations specific to the SaaS provider.</description>
                    <fields>
                        <field type="string" isRequired="false" isEncrypted="true" isHidden="false" isArray="false" defaultValue="NlZId3NZZXZRZytuM0lQQkRBNXA=" modelType="Basic" name="cx.Bearer" displayName="Bearer"/>
                    </fields>
                </group>
            </groups>
        </connection>
    </connections>
    <services>
        <service xmlns:xsi="http://www.w3.org/2001/XMLSchema-instance" xsi:type="RESTServiceType" endpoint="${cn.providerUrl}" name="default_resourcegroup" displayName="Default_ResourceGroup">
            <documentModel packageName="." nsName="com.softwareag.cloudstreams.zenefits_v1.default_resourcegroup.doctypes" useInlineModel="true"/>
            <resources>
                <mappings>
                    <map isRequired="true" context="IN" name="Authorization" displayName="Authorization">
                        <source type="LITERAL"/>
                        <target type="HEADER">Authorization</target>
                    </map>
                </mappings>
                <resource method="GET" path="platform/applications" type="SIMPLE" name="getapplications" displayName="applications">
                    <mappings/>
                    <parameters/>
                    <responses>
                        <response name="SuccessResponse" code="200" messageFormatterType="application/octet+idataoref" builderType="application/json" documentRef="com.softwareag.cloudstreams.zenefits_v1.default_resourcegroup.doctypes:SuccessResponse" excludeRoot="true" dimension="0"/>
                    </responses>
                </resource>
                <resource method="GET" path="platform/company_installs" type="SIMPLE" name="getcompany_installs" displayName="company_installs">
                    <mappings/>
                    <parameters/>
                    <responses>
                        <response name="SuccessResponse" code="200" messageFormatterType="application/octet+idataoref" builderType="application/json" documentRef="com.softwareag.cloudstreams.zenefits_v1.default_resourcegroup.doctypes:SuccessResponse" excludeRoot="true" dimension="0"/>
                    </responses>
                </resource>
                <resource method="GET" path="platform/person_subscriptions" type="SIMPLE" name="getperson_subscriptions" displayName="person_subscriptions">
                    <mappings/>
                    <parameters/>
                    <responses>
                        <response name="SuccessResponse" code="200" messageFormatterType="application/octet+idataoref" builderType="application/json" documentRef="com.softwareag.cloudstreams.zenefits_v1.default_resourcegroup.doctypes:SuccessResponse" excludeRoot="true" dimension="0"/>
                    </responses>
                </resource>
                <resource method="GET" path="core/companies" type="SIMPLE" name="getcore_companies" displayName="core_companies">
                    <mappings/>
                    <parameters/>
                    <responses>
                        <response name="SuccessResponse" code="200" messageFormatterType="application/octet+idataoref" builderType="application/json" documentRef="com.softwareag.cloudstreams.zenefits_v1.default_resourcegroup.doctypes:SuccessResponse" excludeRoot="true" dimension="0"/>
                    </responses>
                </resource>
                <resource method="GET" path="core/custom_fields" type="SIMPLE" name="getcustom_fields" displayName="custom_fields">
                    <mappings/>
                    <parameters/>
                    <responses>
                        <response name="SuccessResponse" code="200" messageFormatterType="application/octet+idataoref" builderType="application/json" documentRef="com.softwareag.cloudstreams.zenefits_v1.default_resourcegroup.doctypes:SuccessResponse" excludeRoot="true" dimension="0"/>
                    </responses>
                </resource>
                <resource method="GET" path="core/me" type="SIMPLE" name="getme" displayName="me">
                    <mappings/>
                    <parameters/>
                    <responses>
                        <response name="SuccessResponse" code="200" messageFormatterType="application/octet+idataoref" builderType="application/json" documentRef="com.softwareag.cloudstreams.zenefits_v1.default_resourcegroup.doctypes:SuccessResponse" excludeRoot="true" dimension="0"/>
                    </responses>
                </resource>
                <resource method="GET" path="time_off/vacation_types" type="SIMPLE" name="getvacation_types" displayName="vacation_types">
                    <mappings/>
                    <parameters/>
                    <responses>
                        <response name="SuccessResponse" code="200" messageFormatterType="application/octet+idataoref" builderType="application/json" documentRef="com.softwareag.cloudstreams.zenefits_v1.default_resourcegroup.doctypes:SuccessResponse" excludeRoot="true" dimension="0"/>
                    </responses>
                </resource>
                <resource method="GET" path="time_off/vacation_requests" type="SIMPLE" name="getvacation_requests" displayName="vacation_requests">
                    <mappings/>
                    <parameters/>
                    <responses>
                        <response name="SuccessResponse" code="200" messageFormatterType="application/octet+idataoref" builderType="application/json" documentRef="com.softwareag.cloudstreams.zenefits_v1.default_resourcegroup.doctypes:SuccessResponse" excludeRoot="true" dimension="0"/>
                    </responses>
                </resource>
                <resource method="GET" path="time_attendance/time_durations" type="SIMPLE" name="gettime_durations" displayName="time_durations">
                    <mappings/>
                    <parameters/>
                    <responses>
                        <response name="SuccessResponse" code="200" messageFormatterType="application/octet+idataoref" builderType="application/json" documentRef="com.softwareag.cloudstreams.zenefits_v1.default_resourcegroup.doctypes:SuccessResponse" excludeRoot="true" dimension="0"/>
                    </responses>
                </resource>
                <resource method="GET" path="core/labor_group_types" type="SIMPLE" name="getlabor_group_types" displayName="labor_group_types">
                    <mappings/>
                    <parameters/>
                    <responses>
                        <response name="SuccessResponse" code="200" messageFormatterType="application/octet+idataoref" builderType="application/json" documentRef="com.softwareag.cloudstreams.zenefits_v1.default_resourcegroup.doctypes:SuccessResponse" excludeRoot="true" dimension="0"/>
                    </responses>
                </resource>
                <resource method="GET" path="core/labor_groups/{id}" type="SIMPLE" name="getlabor_groups" displayName="labor_groups">
                    <mappings/>
                    <parameters>
                        <parameter name="id" isRequired="true" style="URI_CONTEXT"/>
                    </parameters>
                    <responses>
                        <response name="SuccessResponse" code="200" messageFormatterType="application/octet+idataoref" builderType="application/json" documentRef="com.softwareag.cloudstreams.zenefits_v1.default_resourcegroup.doctypes:SuccessResponse" excludeRoot="true" dimension="0"/>
                    </responses>
                </resource>
                <resource method="POST" path="platform/company_installs/{id}/fields_changes/" type="SIMPLE" name="postset_installation_custom_fields" displayName="set_installation_custom_fields">
                    <mappings>
                        <map isRequired="true" context="IN" name="Content-Type">
                            <source type="LITERAL">application/json</source>
                            <target type="HEADER">Content-Type</target>
                        </map>
                        <map isRequired="true" context="IN" name="Accept-Header">
                            <source type="LITERAL">application/json</source>
                            <target type="HEADER">Accept-Header</target>
                        </map>
                    </mappings>
                    <parameters>
                        <parameter name="id" isRequired="true" style="URI_CONTEXT"/>
                    </parameters>
                    <request name="SetInstallCustomFieldsBody" messageFormatterType="application/json" builderType="application/octet+idataoref" documentRef="com.softwareag.cloudstreams.zenefits_v1.default_resourcegroup.doctypes:SetInstallCustomFieldsBody" excludeRoot="true" dimension="0"/>
                    <responses>
                        <response name="SuccessResponse" code="200" messageFormatterType="application/octet+idataoref" builderType="application/json" documentRef="com.softwareag.cloudstreams.zenefits_v1.default_resourcegroup.doctypes:SuccessResponse" excludeRoot="true" dimension="0"/>
                        <response name="ErrorStatus" code="404" messageFormatterType="application/octet+idataoref" builderType="application/json" documentRef="com.softwareag.cloudstreams.zenefits_v1.default_resourcegroup.doctypes:ErrorStatus" excludeRoot="true" dimension="0"/>
                    </responses>
                </resource>
                <resource method="POST" path="platform/company_installs/{id}/status_changes/" type="SIMPLE" name="postset_installation_status" displayName="set_installation_status">
                    <mappings>
                        <map isRequired="true" context="IN" name="Content-Type">
                            <source type="LITERAL">application/json</source>
                            <target type="HEADER">Content-Type</target>
                        </map>
                        <map isRequired="true" context="IN" name="Accept-Header">
                            <source type="LITERAL">application/json</source>
                            <target type="HEADER">Accept-Header</target>
                        </map>
                    </mappings>
                    <parameters>
                        <parameter name="id" isRequired="true" style="URI_CONTEXT" dataType="String"/>
                    </parameters>
                    <request name="ResponseStatus" messageFormatterType="application/json" builderType="application/octet+idataoref" documentRef="com.softwareag.cloudstreams.zenefits_v1.default_resourcegroup.doctypes:ResponseStatus" excludeRoot="true" dimension="0"/>
                    <responses>
                        <response name="SuccessResponse" code="200" messageFormatterType="application/octet+idataoref" builderType="application/json" documentRef="com.softwareag.cloudstreams.zenefits_v1.default_resourcegroup.doctypes:SuccessResponse" excludeRoot="true" dimension="0"/>
                        <response name="ErrorStatus" code="404" messageFormatterType="application/octet+idataoref" builderType="application/json" documentRef="com.softwareag.cloudstreams.zenefits_v1.default_resourcegroup.doctypes:ErrorStatus" excludeRoot="true" dimension="0"/>
                    </responses>
                </resource>
                <resource method="GET" path="core/companies/{company_id}/company_banks" type="SIMPLE" name="getcompany_banks" displayName="company_banks">
                    <mappings/>
                    <parameters>
                        <parameter name="company_id" isRequired="true" style="URI_CONTEXT"/>
                    </parameters>
                    <responses>
                        <response name="CompanyBanksResponse" code="200" messageFormatterType="application/octet+idataoref" builderType="application/json" documentRef="com.softwareag.cloudstreams.zenefits_v1.default_resourcegroup.doctypes:CompanyBanksResponse" excludeRoot="true" dimension="0"/>
                        <response name="ErrorStatus" code="404" messageFormatterType="application/octet+idataoref" builderType="application/json" documentRef="com.softwareag.cloudstreams.zenefits_v1.default_resourcegroup.doctypes:ErrorStatus" excludeRoot="true" dimension="0"/>
                    </responses>
                </resource>
                <resource method="GET" path="core/people/{person_id}/banks" type="SIMPLE" name="getemployee_bank_accounts" displayName="employee_bank_accounts">
                    <mappings/>
                    <parameters>
                        <parameter name="person_id" isRequired="true" style="URI_CONTEXT"/>
                    </parameters>
                    <responses>
                        <response name="EmployeeBankAccountsResponse" code="200" messageFormatterType="application/octet+idataoref" builderType="application/json" documentRef="com.softwareag.cloudstreams.zenefits_v1.default_resourcegroup.doctypes:EmployeeBankAccountsResponse" excludeRoot="true" dimension="0"/>
                        <response name="ErrorStatus" code="404" messageFormatterType="application/octet+idataoref" builderType="application/json" documentRef="com.softwareag.cloudstreams.zenefits_v1.default_resourcegroup.doctypes:ErrorStatus" excludeRoot="true" dimension="0"/>
                    </responses>
                </resource>
                <resource method="GET" path="platform/person_subscriptions/{subscription_id}/flows" type="SIMPLE" name="getflows" displayName="flows">
                    <mappings/>
                    <parameters>
                        <parameter name="subscription_id" isRequired="true" style="URI_CONTEXT"/>
                    </parameters>
                    <responses>
                        <response name="FlowsResponse" code="200" messageFormatterType="application/octet+idataoref" builderType="application/json" documentRef="com.softwareag.cloudstreams.zenefits_v1.default_resourcegroup.doctypes:FlowsResponse" excludeRoot="true" dimension="0"/>
                        <response name="ErrorStatus" code="404" messageFormatterType="application/octet+idataoref" builderType="application/json" documentRef="com.softwareag.cloudstreams.zenefits_v1.default_resourcegroup.doctypes:ErrorStatus" excludeRoot="true" dimension="0"/>
                    </responses>
                </resource>
                <resource method="GET" path="core/companies/{company_id}/people" type="SIMPLE" name="getpeople" displayName="people">
                    <mappings/>
                    <parameters>
                        <parameter name="company_id" isRequired="true" style="URI_CONTEXT"/>
                    </parameters>
                    <responses>
                        <response name="PeopleResponse" code="200" messageFormatterType="application/octet+idataoref" builderType="application/json" documentRef="com.softwareag.cloudstreams.zenefits_v1.default_resourcegroup.doctypes:PeopleResponse" excludeRoot="true" dimension="0"/>
                        <response name="ErrorStatus" code="404" messageFormatterType="application/octet+idataoref" builderType="application/json" documentRef="com.softwareag.cloudstreams.zenefits_v1.default_resourcegroup.doctypes:ErrorStatus" excludeRoot="true" dimension="0"/>
                    </responses>
                </resource>
                <resource method="GET" path="core/person/{person_id}/custom_field_values" type="SIMPLE" name="getcustom_field_values" displayName="custom_field_values">
                    <mappings/>
                    <parameters>
                        <parameter name="person_id" isRequired="true" style="URI_CONTEXT"/>
                    </parameters>
                    <responses>
                        <response name="CustomFieldValuesResponse" code="200" messageFormatterType="application/octet+idataoref" builderType="application/json" documentRef="com.softwareag.cloudstreams.zenefits_v1.default_resourcegroup.doctypes:CustomFieldValuesResponse" excludeRoot="true" dimension="0"/>
                        <response name="ErrorStatus" code="404" messageFormatterType="application/octet+idataoref" builderType="application/json" documentRef="com.softwareag.cloudstreams.zenefits_v1.default_resourcegroup.doctypes:ErrorStatus" excludeRoot="true" dimension="0"/>
                    </responses>
                </resource>
                <resource method="GET" path="core/companies/{id}/departments" type="SIMPLE" name="getdepartments" displayName="departments">
                    <mappings/>
                    <parameters>
                        <parameter name="id" isRequired="true" style="URI_CONTEXT"/>
                    </parameters>
                    <responses>
                        <response name="DepartmentsResponse" code="200" messageFormatterType="application/octet+idataoref" builderType="application/json" documentRef="com.softwareag.cloudstreams.zenefits_v1.default_resourcegroup.doctypes:DepartmentsResponse" excludeRoot="true" dimension="0"/>
                        <response name="ErrorStatus" code="404" messageFormatterType="application/octet+idataoref" builderType="application/json" documentRef="com.softwareag.cloudstreams.zenefits_v1.default_resourcegroup.doctypes:ErrorStatus" excludeRoot="true" dimension="0"/>
                    </responses>
                </resource>
                <resource method="GET" path="core/people/{person_id}/employments" type="SIMPLE" name="getemployments" displayName="employments">
                    <mappings/>
                    <parameters>
                        <parameter name="person_id" isRequired="true" style="URI_CONTEXT"/>
                    </parameters>
                    <responses>
                        <response name="EmployementsResponse" code="200" messageFormatterType="application/octet+idataoref" builderType="application/json" documentRef="com.softwareag.cloudstreams.zenefits_v1.default_resourcegroup.doctypes:EmployementsResponse" excludeRoot="true" dimension="0"/>
                        <response name="ErrorStatus" code="404" messageFormatterType="application/octet+idataoref" builderType="application/json" documentRef="com.softwareag.cloudstreams.zenefits_v1.default_resourcegroup.doctypes:ErrorStatus" excludeRoot="true" dimension="0"/>
                    </responses>
                </resource>
                <resource method="GET" path="core/companies/{company_id}/locations" type="SIMPLE" name="getlocations" displayName="locations">
                    <mappings/>
                    <parameters>
                        <parameter name="company_id" isRequired="true" style="URI_CONTEXT"/>
                    </parameters>
                    <responses>
                        <response name="LocationsResponse" code="200" messageFormatterType="application/octet+idataoref" builderType="application/json" documentRef="com.softwareag.cloudstreams.zenefits_v1.default_resourcegroup.doctypes:LocationsResponse" excludeRoot="true" dimension="0"/>
                        <response name="ErrorStatus" code="404" messageFormatterType="application/octet+idataoref" builderType="application/json" documentRef="com.softwareag.cloudstreams.zenefits_v1.default_resourcegroup.doctypes:ErrorStatus" excludeRoot="true" dimension="0"/>
                    </responses>
                </resource>
                <resource method="POST" path="platform/person_subscriptions/{id}/status_changes/" type="SIMPLE" name="postset_subscription_status" displayName="set_subscription_status">
                    <mappings>
                        <map isRequired="true" context="IN" name="Content-Type">
                            <source type="LITERAL">application/json</source>
                            <target type="HEADER">Content-Type</target>
                        </map>
                        <map isRequired="true" context="IN" name="Accept-Header">
                            <source type="LITERAL">application/json</source>
                            <target type="HEADER">Accept-Header</target>
                        </map>
                    </mappings>
                    <parameters>
                        <parameter name="id" isRequired="true" style="URI_CONTEXT" dataType="String"/>
                    </parameters>
                    <request name="SetSubscriptionStatusBody" messageFormatterType="application/json" builderType="application/octet+idataoref" documentRef="com.softwareag.cloudstreams.zenefits_v1.default_resourcegroup.doctypes:SetSubscriptionStatusBody" excludeRoot="true" dimension="0"/>
                    <responses>
                        <response name="SuccessResponse" code="200" messageFormatterType="application/octet+idataoref" builderType="application/json" documentRef="com.softwareag.cloudstreams.zenefits_v1.default_resourcegroup.doctypes:SuccessResponse" excludeRoot="true" dimension="0"/>
                        <response name="ErrorStatus" code="404" messageFormatterType="application/octet+idataoref" builderType="application/json" documentRef="com.softwareag.cloudstreams.zenefits_v1.default_resourcegroup.doctypes:ErrorStatus" excludeRoot="true" dimension="0"/>
                    </responses>
                </resource>
                <resource method="POST" path="platform/flows/" type="SIMPLE" name="posttrigger_new_flow" displayName="trigger_new_flow">
                    <mappings>
                        <map isRequired="true" context="IN" name="Content-Type">
                            <source type="LITERAL">application/json</source>
                            <target type="HEADER">Content-Type</target>
                        </map>
                        <map isRequired="true" context="IN" name="Accept-Header">
                            <source type="LITERAL">application/json</source>
                            <target type="HEADER">Accept-Header</target>
                        </map>
                    </mappings>
                    <parameters/>
                    <request name="TriggerNewFlowBody" messageFormatterType="application/json" builderType="application/octet+idataoref" documentRef="com.softwareag.cloudstreams.zenefits_v1.default_resourcegroup.doctypes:TriggerNewFlowBody" excludeRoot="true" dimension="0"/>
                    <responses>
                        <response name="SuccessResponse" code="200" messageFormatterType="application/octet+idataoref" builderType="application/json" documentRef="com.softwareag.cloudstreams.zenefits_v1.default_resourcegroup.doctypes:SuccessResponse" excludeRoot="true" dimension="0"/>
                        <response name="ErrorStatus" code="404" messageFormatterType="application/octet+idataoref" builderType="application/json" documentRef="com.softwareag.cloudstreams.zenefits_v1.default_resourcegroup.doctypes:ErrorStatus" excludeRoot="true" dimension="0"/>
                    </responses>
                </resource>
                <resource method="POST" path="platform/flows/{subscription_id}/fields_changes/" type="SIMPLE" name="postset_flow_custom_fields" displayName="set_flow_custom_fields">
                    <mappings>
                        <map isRequired="true" context="IN" name="Content-Type">
                            <source type="LITERAL">application/json</source>
                            <target type="HEADER">Content-Type</target>
                        </map>
                        <map isRequired="true" context="IN" name="Accept-Header">
                            <source type="LITERAL">application/json</source>
                            <target type="HEADER">Accept-Header</target>
                        </map>
                    </mappings>
                    <parameters>
                        <parameter name="subscription_id" isRequired="true" style="URI_CONTEXT" dataType="String"/>
                    </parameters>
                    <request name="SetFlowCustomFieldsBody" messageFormatterType="application/xml" builderType="application/octet+idataoref" documentRef="com.softwareag.cloudstreams.zenefits_v1.default_resourcegroup.doctypes:SetFlowCustomFieldsBody" excludeRoot="true" dimension="0"/>
                    <responses>
                        <response name="SuccessResponse" code="200" messageFormatterType="application/octet+idataoref" builderType="application/json" documentRef="com.softwareag.cloudstreams.zenefits_v1.default_resourcegroup.doctypes:SuccessResponse" excludeRoot="true" dimension="0"/>
                        <response name="ErrorStatus" code="404" messageFormatterType="application/octet+idataoref" builderType="application/json" documentRef="com.softwareag.cloudstreams.zenefits_v1.default_resourcegroup.doctypes:ErrorStatus" excludeRoot="true" dimension="0"/>
                        <response name="Error400Response" code="400" messageFormatterType="application/octet+idataoref" builderType="application/json" documentRef="com.softwareag.cloudstreams.zenefits_v1.default_resourcegroup.doctypes:Error400Response" excludeRoot="true" dimension="0"/>
                    </responses>
                </resource>
                <resource method="POST" path="platform/person_subscriptions/{subscription_id}/fields_changes" type="SIMPLE" name="postset_subscription_custom_fields" displayName="set_subscription_custom_fields">
                    <mappings>
                        <map isRequired="true" context="IN" name="Content-Type">
                            <source type="LITERAL">application/json</source>
                            <target type="HEADER">Content-Type</target>
                        </map>
                        <map isRequired="true" context="IN" name="Accept-Header">
                            <source type="LITERAL">application/json</source>
                            <target type="HEADER">Accept-Header</target>
                        </map>
                    </mappings>
                    <parameters>
                        <parameter name="subscription_id" isRequired="true" style="URI_CONTEXT" dataType="String"/>
                    </parameters>
                    <request name="SetSubscriptionCustomFieldsBody" messageFormatterType="application/xml" builderType="application/octet+idataoref" documentRef="com.softwareag.cloudstreams.zenefits_v1.default_resourcegroup.doctypes:SetSubscriptionCustomFieldsBody" excludeRoot="true" dimension="0"/>
                    <responses>
                        <response name="SuccessResponse" code="200" messageFormatterType="application/octet+idataoref" builderType="application/json" documentRef="com.softwareag.cloudstreams.zenefits_v1.default_resourcegroup.doctypes:SuccessResponse" excludeRoot="true" dimension="0"/>
                        <response name="ErrorStatus" code="404" messageFormatterType="application/octet+idataoref" builderType="application/json" documentRef="com.softwareag.cloudstreams.zenefits_v1.default_resourcegroup.doctypes:ErrorStatus" excludeRoot="true" dimension="0"/>
                        <response name="Error400Response" code="400" messageFormatterType="application/octet+idataoref" builderType="application/json" documentRef="com.softwareag.cloudstreams.zenefits_v1.default_resourcegroup.doctypes:Error400Response" excludeRoot="true" dimension="0"/>
                    </responses>
                </resource>
            </resources>
        </service>
    </services>
</rest-connector>
