<?xml version="1.0" encoding="UTF-8" standalone="yes"?>
<services>
    <cloudstreamsCollectionKeys serviceName="WmCloudStreams.RestVS">
        <servicesKeys>
            <keyDetails collectionKey="TestZenefitsConnector.Services:applications" connectorServiceName="TestZenefitsConnector.Services:applications"/>
            <keyDetails collectionKey="TestZenefitsConnector.Services:company_Installs" connectorServiceName="TestZenefitsConnector.Services:company_Installs"/>
            <keyDetails collectionKey="TestZenefitsConnector.Services:company_banks" connectorServiceName="TestZenefitsConnector.Services:company_banks"/>
            <keyDetails collectionKey="TestZenefitsConnector.Services:core_companies" connectorServiceName="TestZenefitsConnector.Services:core_companies"/>
            <keyDetails collectionKey="TestZenefitsConnector.Services:custom_field_values" connectorServiceName="TestZenefitsConnector.Services:custom_field_values"/>
            <keyDetails collectionKey="TestZenefitsConnector.Services:custom_fields" connectorServiceName="TestZenefitsConnector.Services:custom_fields"/>
            <keyDetails collectionKey="TestZenefitsConnector.Services:departments" connectorServiceName="TestZenefitsConnector.Services:departments"/>
            <keyDetails collectionKey="TestZenefitsConnector.Services:employee_bank_accounts" connectorServiceName="TestZenefitsConnector.Services:employee_bank_accounts"/>
            <keyDetails collectionKey="TestZenefitsConnector.Services:employments" connectorServiceName="TestZenefitsConnector.Services:employments"/>
            <keyDetails collectionKey="TestZenefitsConnector.Services:flows" connectorServiceName="TestZenefitsConnector.Services:flows"/>
            <keyDetails collectionKey="TestZenefitsConnector.Services:labor_group_types" connectorServiceName="TestZenefitsConnector.Services:labor_group_types"/>
            <keyDetails collectionKey="TestZenefitsConnector.Services:labor_groups" connectorServiceName="TestZenefitsConnector.Services:labor_groups"/>
            <keyDetails collectionKey="TestZenefitsConnector.Services:locations" connectorServiceName="TestZenefitsConnector.Services:locations"/>
            <keyDetails collectionKey="TestZenefitsConnector.Services:me" connectorServiceName="TestZenefitsConnector.Services:me"/>
            <keyDetails collectionKey="TestZenefitsConnector.Services:people" connectorServiceName="TestZenefitsConnector.Services:people"/>
            <keyDetails collectionKey="TestZenefitsConnector.Services:person_subscriptions" connectorServiceName="TestZenefitsConnector.Services:person_subscriptions"/>
            <keyDetails collectionKey="TestZenefitsConnector.Services:set_flow_custom_fields" connectorServiceName="TestZenefitsConnector.Services:set_flow_custom_fields"/>
            <keyDetails collectionKey="TestZenefitsConnector.Services:set_installation_custom_fields" connectorServiceName="TestZenefitsConnector.Services:set_installation_custom_fields"/>
            <keyDetails collectionKey="TestZenefitsConnector.Services:set_installation_status" connectorServiceName="TestZenefitsConnector.Services:set_installation_status"/>
            <keyDetails collectionKey="TestZenefitsConnector.Services:set_subscription_custom_fields" connectorServiceName="TestZenefitsConnector.Services:set_subscription_custom_fields"/>
            <keyDetails collectionKey="TestZenefitsConnector.Services:set_subscription_status" connectorServiceName="TestZenefitsConnector.Services:set_subscription_status"/>
            <keyDetails collectionKey="TestZenefitsConnector.Services:time_durations" connectorServiceName="TestZenefitsConnector.Services:time_durations"/>
            <keyDetails collectionKey="TestZenefitsConnector.Services:trigger_new_flow" connectorServiceName="TestZenefitsConnector.Services:trigger_new_flow"/>
            <keyDetails collectionKey="TestZenefitsConnector.Services:vacation_requests" connectorServiceName="TestZenefitsConnector.Services:vacation_requests"/>
            <keyDetails collectionKey="TestZenefitsConnector.Services:vacation_types" connectorServiceName="TestZenefitsConnector.Services:vacation_types"/>
        </servicesKeys>
    </cloudstreamsCollectionKeys>
</services>
